intervention_category,beta_mean,beta_initial,beta_max
1,0.07773459,0.1359902,-35.67973
2,0.12754495,0.147647,17.30594
3,0.10889701,0.2865524,26.20443